1-h mean wind speed at hub height (m/s);Significant wave height (m)
3.0;4.8500000000000005
5.0;4.75
7.0;4.8500000000000005
9.0;5.050000000000001
11.0;5.4
13.0;5.8500000000000005
15.0;6.4
17.0;7.1000000000000005
19.0;7.9
21.0;8.85
23.0;9.9
25.0;10.950000000000001
27.0;12.05
29.0;13.05
31.0;14.0
33.0;14.75
35.0;15.100000000000001
37.0;14.75
