1-h mean wind speed at hub height (m/s);Significant wave height (m)
3.0;4.050789316506269
5.0;4.146275126292585
7.0;4.3138811599701175
9.0;4.567558297212531
11.0;4.917684060881276
13.0;5.375157147061828
15.0;5.9460297076754545
17.0;6.631662324752933
19.0;7.4255820453347035
21.0;8.313455658073934
23.0;9.274716647002988
25.0;10.276527055065358
27.0;11.276222862915205
29.0;12.217111651354573
31.0;13.012785486381965
33.0;13.533654888964843
35.0;13.519602473452084
37.0;9.9473888379201
