1-h mean wind speed at hub height (m/s);Significant wave height (m)
3.0;4.800000000000001
5.0;4.75
7.0;4.8500000000000005
9.0;5.050000000000001
11.0;5.4
13.0;5.8500000000000005
15.0;6.45
17.0;7.15
19.0;8.0
21.0;8.9
23.0;9.9
25.0;10.950000000000001
27.0;12.05
29.0;13.05
31.0;13.950000000000001
33.0;14.700000000000001
35.0;15.05
37.0;14.65
