1-h mean wind speed at hub height (m/s);Significant wave height (m)
3.0;5.0
5.0;5.0
7.0;5.0
9.0;5.15
11.0;5.4
13.0;5.75
15.0;6.3500000000000005
17.0;7.050000000000001
19.0;7.9
21.0;8.85
23.0;9.950000000000001
25.0;11.100000000000001
27.0;12.200000000000001
29.0;13.25
31.0;14.15
33.0;14.850000000000001
35.0;15.100000000000001
37.0;14.55
