1-h mean wind speed at hub height (m/s);Significant wave height (m)
3.0;4.0431529715888415
5.0;4.12920945828952
7.0;4.301869402899385
9.0;4.568329963000411
11.0;4.9345681544795905
13.0;5.405426828901006
15.0;5.98541001218321
17.0;6.675138388600438
19.0;7.468401873951763
21.0;8.35168793287805
23.0;9.306269899833651
25.0;10.29836998416875
27.0;11.286757086613559
29.0;12.21439402657413
31.0;12.995153285172353
33.0;13.499443879850494
35.0;13.443510527746277
37.0;10.772695472641361
