1-h mean wind speed at hub height (m/s);Significant wave height (m)
3.0;4.181307504484119
5.0;4.3198252827636905
7.0;4.455153156780566
9.0;4.635344176852833
11.0;4.911395012306953
13.0;5.316507058414334
15.0;5.867697626885588
17.0;6.564019264495499
19.0;7.39117006949036
21.0;8.32700301539605
23.0;9.338259907712258
25.0;10.38286802415335
27.0;11.410113925242701
29.0;12.354705747510712
31.0;13.123273184620697
33.0;13.57407458942324
35.0;13.4129149544914
37.0;10.54162581189376
